"","baseMean","log2FoldChange","lfcSE","stat","pvalue","padj"
"Cdkn2a",355.15635456151,-1.07775441951544,0.246790385840525,-4.36708430048763,1.25916137957277e-05,0.000237402967132422
